-- phpMyAdmin SQL Dump
-- version 4.1.4
-- http://www.phpmyadmin.net
--
-- Värd: 127.0.0.1
-- Tid vid skapande: 23 okt 2014 kl 15:42
-- Serverversion: 5.6.15-log
-- PHP-version: 5.5.8

SET SQL_MODE = "NO_AUTO_VALUE_ON_ZERO";
SET time_zone = "+00:00";


/*!40101 SET @OLD_CHARACTER_SET_CLIENT=@@CHARACTER_SET_CLIENT */;
/*!40101 SET @OLD_CHARACTER_SET_RESULTS=@@CHARACTER_SET_RESULTS */;
/*!40101 SET @OLD_COLLATION_CONNECTION=@@COLLATION_CONNECTION */;
/*!40101 SET NAMES utf8 */;

--
-- Databas: `logindb`
--
CREATE DATABASE IF NOT EXISTS `logindb` DEFAULT CHARACTER SET latin1 COLLATE latin1_swedish_ci;
USE `logindb`;

-- --------------------------------------------------------

--
-- Tabellstruktur `project`
--

CREATE TABLE IF NOT EXISTS `project` (
  `projectname` varchar(255) NOT NULL,
  `projectstring` varchar(1000) NOT NULL,
  `userID` int(11) NOT NULL
) ENGINE=MyISAM DEFAULT CHARSET=latin1;

--
-- Dumpning av Data i tabell `project`
--

INSERT INTO `project` (`projectname`, `projectstring`, `userID`) VALUES
('xxx', '[Domain|name|+surname|stair()|+wood()]-[Line][Domain]-[Chair|leg|+backSeat()]-[Pair][Another|+plastic|kitchen()]-[LastClassExample][Domain|name|+surname|stair()|+wood()]-[road]', 73),
('okey8projekt', '[Testprojekt]-[test]', 88),
('111', '[a]-[b][a]-[c]', 73),
('Bratestkod', '[testdata|namn|efternamn|+fornamn|gren()|+dav()]-[testklass][testdata]-[oLLE|DSADSA|+FUNCTION()][testdata]-[PELLE|+DSA][testdata]-[SVENNE|DSA|FDGFDG|JFDHGFD|FUNCTDSAION()]', 73),
('fdsafdsa', '[Domain|name|+surname|stair()|+wood()]-[Line][Domain]-[Chair|leg|+backSeat()][Another|+plastic|kitchen()]-[LastClassExample][Domain|name|+surname|stair()|+wood()]-[road]', 73),
('11111', 'fdsafdsasfd', 73),
('qqqq', 'qqqqq', 73),
('11DSA1rewqrqew', '[testdata]-[testklass][testdata]-[oLLE|DSADSA|+FUNCTION()][testdata]-[PELLE|+DSA][testdata]-[SVENNE|DSA|FDGFDG|JFDHGFD|FUNCTDSAION()]', 73),
('okey8projekt', '[Testprojekt]-[test]', 88),
('111', '[a]-[b][a]-[c]', 73),
('Bratestkod', '[testdata|namn|efternamn|+fornamn|gren()|+dav()]-[testklass][testdata]-[oLLE|DSADSA|+FUNCTION()][testdata]-[PELLE|+DSA][testdata]-[SVENNE|DSA|FDGFDG|JFDHGFD|FUNCTDSAION()]', 73),
('fdsafdsa', '[Domain|name|+surname|stair()|+wood()]-[Line][Domain]-[Chair|leg|+backSeat()][Another|+plastic|kitchen()]-[LastClassExample][Domain|name|+surname|stair()|+wood()]-[road]', 73),
('dsadas', '[Domain|name|+surname|stair()|+wood()]-[Line][Domain]-[Chair|leg|+backSeat()]-[Pair][Another|+plastic|kitchen()]-[LastClassExample][Domain|name|+surname|stair()|+wood()]-[road]', 98),
('xxx', '[Domain|name|+surname|stair()|+wood()]-[Line][Domain]-[Chair|leg|+backSeat()]-[Pair][Another|+plastic|kitchen()]-[LastClassExample][Domain|name|+surname|stair()|+wood()]-[road]', 73),
('11111', 'fdsafdsasfd', 73),
('qqqq', 'qqqqq', 73),
('11DSA1rewqrqew', '[testdata]-[testklass][testdata]-[oLLE|DSADSA|+FUNCTION()][testdata]-[PELLE|+DSA][testdata]-[SVENNE|DSA|FDGFDG|JFDHGFD|FUNCTDSAION()]', 73),
('dsadas', '[Domain|name|+surname|stair()|+wood()]-[Line][Domain]-[Chair|leg|+backSeat()]-[Pair][Another|+plastic|kitchen()]-[LastClassExample][Domain|name|+surname|stair()|+wood()]-[road]', 98),
('xxx', '[Domain|name|+surname|stair()|+wood()]-[Line][Domain]-[Chair|leg|+backSeat()]-[Pair][Another|+plastic|kitchen()]-[LastClassExample][Domain|name|+surname|stair()|+wood()]-[road]', 73),
('okey8projekt', '[Testprojekt]-[test]', 88),
('111', '[a]-[b][a]-[c]', 73),
('Bratestkod', '[testdata|namn|efternamn|+fornamn|gren()|+dav()]-[testklass][testdata]-[oLLE|DSADSA|+FUNCTION()][testdata]-[PELLE|+DSA][testdata]-[SVENNE|DSA|FDGFDG|JFDHGFD|FUNCTDSAION()]', 73),
('fdsafdsa', '[Domain|name|+surname|stair()|+wood()]-[Line][Domain]-[Chair|leg|+backSeat()][Another|+plastic|kitchen()]-[LastClassExample][Domain|name|+surname|stair()|+wood()]-[road]', 73),
('11111', 'fdsafdsasfd', 73),
('qqqq', 'qqqqq', 73),
('11DSA1rewqrqew', '[testdata]-[testklass][testdata]-[oLLE|DSADSA|+FUNCTION()][testdata]-[PELLE|+DSA][testdata]-[SVENNE|DSA|FDGFDG|JFDHGFD|FUNCTDSAION()]', 73),
('dsadas', '[Domain|name|+surname|stair()|+wood()]-[Line][Domain]-[Chair|leg|+backSeat()]-[Pair][Another|+plastic|kitchen()]-[LastClassExample][Domain|name|+surname|stair()|+wood()]-[road]', 98),
('xxx', '[Domain|name|+surname|stair()|+wood()]-[Line][Domain]-[Chair|leg|+backSeat()]-[Pair][Another|+plastic|kitchen()]-[LastClassExample][Domain|name|+surname|stair()|+wood()]-[road]', 73),
('okey8projekt', '[Testprojekt]-[test]', 88),
('111', '[a]-[b][a]-[c]', 73),
('Bratestkod', '[testdata|namn|efternamn|+fornamn|gren()|+dav()]-[testklass][testdata]-[oLLE|DSADSA|+FUNCTION()][testdata]-[PELLE|+DSA][testdata]-[SVENNE|DSA|FDGFDG|JFDHGFD|FUNCTDSAION()]', 73),
('fdsafdsa', '[Domain|name|+surname|stair()|+wood()]-[Line][Domain]-[Chair|leg|+backSeat()][Another|+plastic|kitchen()]-[LastClassExample][Domain|name|+surname|stair()|+wood()]-[road]', 73),
('11111', 'fdsafdsasfd', 73),
('qqqq', 'qqqqq', 73),
('11DSA1rewqrqew', '[testdata]-[testklass][testdata]-[oLLE|DSADSA|+FUNCTION()][testdata]-[PELLE|+DSA][testdata]-[SVENNE|DSA|FDGFDG|JFDHGFD|FUNCTDSAION()]', 73),
('dsadas', '[Domain|name|+surname|stair()|+wood()]-[Line][Domain]-[Chair|leg|+backSeat()]-[Pair][Another|+plastic|kitchen()]-[LastClassExample][Domain|name|+surname|stair()|+wood()]-[road]', 98),
('xxx', '[Domain|name|+surname|stair()|+wood()]-[Line][Domain]-[Chair|leg|+backSeat()]-[Pair][Another|+plastic|kitchen()]-[LastClassExample][Domain|name|+surname|stair()|+wood()]-[road]', 73),
('okey8projekt', '[Testprojekt]-[test]', 88),
('111', '[a]-[b][a]-[c]', 73),
('Bratestkod', '[testdata|namn|efternamn|+fornamn|gren()|+dav()]-[testklass][testdata]-[oLLE|DSADSA|+FUNCTION()][testdata]-[PELLE|+DSA][testdata]-[SVENNE|DSA|FDGFDG|JFDHGFD|FUNCTDSAION()]', 73),
('fdsafdsa', '[Domain|name|+surname|stair()|+wood()]-[Line][Domain]-[Chair|leg|+backSeat()][Another|+plastic|kitchen()]-[LastClassExample][Domain|name|+surname|stair()|+wood()]-[road]', 73),
('11111', 'fdsafdsasfd', 73),
('qqqq', 'qqqqq', 73),
('11DSA1rewqrqew', '[testdata]-[testklass][testdata]-[oLLE|DSADSA|+FUNCTION()][testdata]-[PELLE|+DSA][testdata]-[SVENNE|DSA|FDGFDG|JFDHGFD|FUNCTDSAION()]', 73),
('dsadas', '[Domain|name|+surname|stair()|+wood()]-[Line][Domain]-[Chair|leg|+backSeat()]-[Pair][Another|+plastic|kitchen()]-[LastClassExample][Domain|name|+surname|stair()|+wood()]-[road]', 98),
('xxx', '[Domain|name|+surname|stair()|+wood()]-[Line][Domain]-[Chair|leg|+backSeat()]-[Pair][Another|+plastic|kitchen()]-[LastClassExample][Domain|name|+surname|stair()|+wood()]-[road]', 73),
('okey8projekt', '[Testprojekt]-[test]', 88),
('111', '[a]-[b][a]-[c]', 73),
('Bratestkod', '[testdata|namn|efternamn|+fornamn|gren()|+dav()]-[testklass][testdata]-[oLLE|DSADSA|+FUNCTION()][testdata]-[PELLE|+DSA][testdata]-[SVENNE|DSA|FDGFDG|JFDHGFD|FUNCTDSAION()]', 73),
('fdsafdsa', '[Domain|name|+surname|stair()|+wood()]-[Line][Domain]-[Chair|leg|+backSeat()][Another|+plastic|kitchen()]-[LastClassExample][Domain|name|+surname|stair()|+wood()]-[road]', 73),
('11111', 'fdsafdsasfd', 73),
('qqqq', 'qqqqq', 73),
('11DSA1rewqrqew', '[testdata]-[testklass][testdata]-[oLLE|DSADSA|+FUNCTION()][testdata]-[PELLE|+DSA][testdata]-[SVENNE|DSA|FDGFDG|JFDHGFD|FUNCTDSAION()]', 73),
('dsadas', '[Domain|name|+surname|stair()|+wood()]-[Line][Domain]-[Chair|leg|+backSeat()]-[Pair][Another|+plastic|kitchen()]-[LastClassExample][Domain|name|+surname|stair()|+wood()]-[road]', 98),
('xxx', '[Domain|name|+surname|stair()|+wood()]-[Line][Domain]-[Chair|leg|+backSeat()]-[Pair][Another|+plastic|kitchen()]-[LastClassExample][Domain|name|+surname|stair()|+wood()]-[road]', 73),
('okey8projekt', '[Testprojekt]-[test]', 88),
('111', '[a]-[b][a]-[c]', 73),
('Bratestkod', '[testdata|namn|efternamn|+fornamn|gren()|+dav()]-[testklass][testdata]-[oLLE|DSADSA|+FUNCTION()][testdata]-[PELLE|+DSA][testdata]-[SVENNE|DSA|FDGFDG|JFDHGFD|FUNCTDSAION()]', 73),
('fdsafdsa', '[Domain|name|+surname|stair()|+wood()]-[Line][Domain]-[Chair|leg|+backSeat()][Another|+plastic|kitchen()]-[LastClassExample][Domain|name|+surname|stair()|+wood()]-[road]', 73),
('11111', 'fdsafdsasfd', 73),
('qqqq', 'qqqqq', 73),
('11DSA1rewqrqew', '[testdata]-[testklass][testdata]-[oLLE|DSADSA|+FUNCTION()][testdata]-[PELLE|+DSA][testdata]-[SVENNE|DSA|FDGFDG|JFDHGFD|FUNCTDSAION()]', 73),
('dsadas', '[Domain|name|+surname|stair()|+wood()]-[Line][Domain]-[Chair|leg|+backSeat()]-[Pair][Another|+plastic|kitchen()]-[LastClassExample][Domain|name|+surname|stair()|+wood()]-[road]', 98),
('xxx', '[Domain|name|+surname|stair()|+wood()]-[Line][Domain]-[Chair|leg|+backSeat()]-[Pair][Another|+plastic|kitchen()]-[LastClassExample][Domain|name|+surname|stair()|+wood()]-[road]', 73),
('okey8projekt', '[Testprojekt]-[test]', 88),
('111', '[a]-[b][a]-[c]', 73),
('Bratestkod', '[testdata|namn|efternamn|+fornamn|gren()|+dav()]-[testklass][testdata]-[oLLE|DSADSA|+FUNCTION()][testdata]-[PELLE|+DSA][testdata]-[SVENNE|DSA|FDGFDG|JFDHGFD|FUNCTDSAION()]', 73),
('fdsafdsa', '[Domain|name|+surname|stair()|+wood()]-[Line][Domain]-[Chair|leg|+backSeat()][Another|+plastic|kitchen()]-[LastClassExample][Domain|name|+surname|stair()|+wood()]-[road]', 73),
('11111', 'fdsafdsasfd', 73),
('qqqq', 'qqqqq', 73),
('11DSA1rewqrqew', '[testdata]-[testklass][testdata]-[oLLE|DSADSA|+FUNCTION()][testdata]-[PELLE|+DSA][testdata]-[SVENNE|DSA|FDGFDG|JFDHGFD|FUNCTDSAION()]', 73),
('dsadas', '[Domain|name|+surname|stair()|+wood()]-[Line][Domain]-[Chair|leg|+backSeat()]-[Pair][Another|+plastic|kitchen()]-[LastClassExample][Domain|name|+surname|stair()|+wood()]-[road]', 98),
('xxx', '[Domain|name|+surname|stair()|+wood()]-[Line][Domain]-[Chair|leg|+backSeat()]-[Pair][Another|+plastic|kitchen()]-[LastClassExample][Domain|name|+surname|stair()|+wood()]-[road]', 73),
('okey8projekt', '[Testprojekt]-[test]', 88),
('111', '[a]-[b][a]-[c]', 73),
('Bratestkod', '[testdata|namn|efternamn|+fornamn|gren()|+dav()]-[testklass][testdata]-[oLLE|DSADSA|+FUNCTION()][testdata]-[PELLE|+DSA][testdata]-[SVENNE|DSA|FDGFDG|JFDHGFD|FUNCTDSAION()]', 73),
('fdsafdsa', '[Domain|name|+surname|stair()|+wood()]-[Line][Domain]-[Chair|leg|+backSeat()][Another|+plastic|kitchen()]-[LastClassExample][Domain|name|+surname|stair()|+wood()]-[road]', 73),
('11111', 'fdsafdsasfd', 73),
('qqqq', 'qqqqq', 73),
('11DSA1rewqrqew', '[testdata]-[testklass][testdata]-[oLLE|DSADSA|+FUNCTION()][testdata]-[PELLE|+DSA][testdata]-[SVENNE|DSA|FDGFDG|JFDHGFD|FUNCTDSAION()]', 73),
('dsadas', '[Domain|name|+surname|stair()|+wood()]-[Line][Domain]-[Chair|leg|+backSeat()]-[Pair][Another|+plastic|kitchen()]-[LastClassExample][Domain|name|+surname|stair()|+wood()]-[road]', 98),
('xxx', '[Domain|name|+surname|stair()|+wood()]-[Line][Domain]-[Chair|leg|+backSeat()]-[Pair][Another|+plastic|kitchen()]-[LastClassExample][Domain|name|+surname|stair()|+wood()]-[road]', 73),
('okey8projekt', '[Testprojekt]-[test]', 88),
('111', '[a]-[b][a]-[c]', 73),
('Bratestkod', '[testdata|namn|efternamn|+fornamn|gren()|+dav()]-[testklass][testdata]-[oLLE|DSADSA|+FUNCTION()][testdata]-[PELLE|+DSA][testdata]-[SVENNE|DSA|FDGFDG|JFDHGFD|FUNCTDSAION()]', 73),
('fdsafdsa', '[Domain|name|+surname|stair()|+wood()]-[Line][Domain]-[Chair|leg|+backSeat()][Another|+plastic|kitchen()]-[LastClassExample][Domain|name|+surname|stair()|+wood()]-[road]', 73),
('11111', 'fdsafdsasfd', 73),
('qqqq', 'qqqqq', 73),
('11DSA1rewqrqew', '[testdata]-[testklass][testdata]-[oLLE|DSADSA|+FUNCTION()][testdata]-[PELLE|+DSA][testdata]-[SVENNE|DSA|FDGFDG|JFDHGFD|FUNCTDSAION()]', 73),
('dsadas', '[Domain|name|+surname|stair()|+wood()]-[Line][Domain]-[Chair|leg|+backSeat()]-[Pair][Another|+plastic|kitchen()]-[LastClassExample][Domain|name|+surname|stair()|+wood()]-[road]', 98),
('xxx', '[Domain|name|+surname|stair()|+wood()]-[Line][Domain]-[Chair|leg|+backSeat()]-[Pair][Another|+plastic|kitchen()]-[LastClassExample][Domain|name|+surname|stair()|+wood()]-[road]', 73),
('okey8projekt', '[Testprojekt]-[test]', 88),
('111', '[a]-[b][a]-[c]', 73),
('Bratestkod', '[testdata|namn|efternamn|+fornamn|gren()|+dav()]-[testklass][testdata]-[oLLE|DSADSA|+FUNCTION()][testdata]-[PELLE|+DSA][testdata]-[SVENNE|DSA|FDGFDG|JFDHGFD|FUNCTDSAION()]', 73),
('fdsafdsa', '[Domain|name|+surname|stair()|+wood()]-[Line][Domain]-[Chair|leg|+backSeat()][Another|+plastic|kitchen()]-[LastClassExample][Domain|name|+surname|stair()|+wood()]-[road]', 73),
('11111', 'fdsafdsasfd', 73),
('qqqq', 'qqqqq', 73),
('11DSA1rewqrqew', '[testdata]-[testklass][testdata]-[oLLE|DSADSA|+FUNCTION()][testdata]-[PELLE|+DSA][testdata]-[SVENNE|DSA|FDGFDG|JFDHGFD|FUNCTDSAION()]', 73),
('dsadas', '[Domain|name|+surname|stair()|+wood()]-[Line][Domain]-[Chair|leg|+backSeat()]-[Pair][Another|+plastic|kitchen()]-[LastClassExample][Domain|name|+surname|stair()|+wood()]-[road]', 98),
('xxx', '[Domain|name|+surname|stair()|+wood()]-[Line][Domain]-[Chair|leg|+backSeat()]-[Pair][Another|+plastic|kitchen()]-[LastClassExample][Domain|name|+surname|stair()|+wood()]-[road]', 73),
('okey8projekt', '[Testprojekt]-[test]', 88),
('111', '[a]-[b][a]-[c]', 73),
('Bratestkod', '[testdata|namn|efternamn|+fornamn|gren()|+dav()]-[testklass][testdata]-[oLLE|DSADSA|+FUNCTION()][testdata]-[PELLE|+DSA][testdata]-[SVENNE|DSA|FDGFDG|JFDHGFD|FUNCTDSAION()]', 73),
('fdsafdsa', '[Domain|name|+surname|stair()|+wood()]-[Line][Domain]-[Chair|leg|+backSeat()][Another|+plastic|kitchen()]-[LastClassExample][Domain|name|+surname|stair()|+wood()]-[road]', 73),
('11111', 'fdsafdsasfd', 73),
('qqqq', 'qqqqq', 73),
('11DSA1rewqrqew', '[testdata]-[testklass][testdata]-[oLLE|DSADSA|+FUNCTION()][testdata]-[PELLE|+DSA][testdata]-[SVENNE|DSA|FDGFDG|JFDHGFD|FUNCTDSAION()]', 73),
('dsadas', '[Domain|name|+surname|stair()|+wood()]-[Line][Domain]-[Chair|leg|+backSeat()]-[Pair][Another|+plastic|kitchen()]-[LastClassExample][Domain|name|+surname|stair()|+wood()]-[road]', 98);

-- --------------------------------------------------------

--
-- Tabellstruktur `uniquekey`
--

CREATE TABLE IF NOT EXISTS `uniquekey` (
  `uniquekey` varchar(255) NOT NULL,
  `expire` int(11) NOT NULL,
  `userID` int(11) NOT NULL,
  KEY `uniquekey` (`uniquekey`)
) ENGINE=MyISAM DEFAULT CHARSET=latin1;

--
-- Dumpning av Data i tabell `uniquekey`
--

INSERT INTO `uniquekey` (`uniquekey`, `expire`, `userID`) VALUES
('5446cbb959871', 1413928817, 100),
('5446c7ae8429f', 1413927782, 100),
('5446bb9b46648', 1413924691, 100),
('54467b307f2a9', 1413908200, 73),
('5443c8281afb9', 1413731296, 73),
('5443c7d230bca', 1413731210, 73),
('5443c7198ab96', 1413731025, 73),
('54439520751e2', 1413718232, 73),
('544394957fe23', 1413718093, 73),
('54439474846fb', 1413718060, 73),
('5443751a6a109', 1413710034, 95),
('543f71b440457', 1413447020, 73),
('543ab7870146c', 1413137215, 60),
('543aabdce7d9a', 1413134228, 73),
('543aa9d8b4976', 1413133712, 73),
('543aa96177f7b', 1413133593, 73),
('543aa572070e9', 1413132586, 73),
('543aa541d2f52', 1413132537, 73),
('543aa1a939cbe', 1413131617, 73),
('543a95edee418', 1413125643, 73),
('543a665f962da', 1413113469, 73),
('543a662f61d96', 1413113421, 73),
('54396e41dce2c', 1413049951, 73),
('54396dde4d79e', 1413049852, 73),
('54396cfbe90a0', 1413055595, 73),
('54396b029b8ab', 1413055090, 73),
('542fa8ee97e4b', 1412415582, 62),
('542fa5b493f2a', 1412414756, 61),
('542af885b49e9', 1412102307, 57),
('542af7e855ab7', 1412104120, 57),
('5446cc4854aa5', 1413925990, 100),
('5446cca64552a', 1413926084, 100),
('5446ccd186841', 1413929097, 100),
('5447f2887738d', 1414004288, 100),
('54489e8c9f893', 1414048324, 73),
('5448b4831ed04', 1414053947, 73),
('5446cbb959871', 1413928817, 100),
('5446c7ae8429f', 1413927782, 100),
('5446bb9b46648', 1413924691, 100),
('54467b307f2a9', 1413908200, 73),
('5443c8281afb9', 1413731296, 73),
('5443c7d230bca', 1413731210, 73),
('5443c7198ab96', 1413731025, 73),
('54439520751e2', 1413718232, 73),
('544394957fe23', 1413718093, 73),
('54439474846fb', 1413718060, 73),
('5443751a6a109', 1413710034, 95),
('543f71b440457', 1413447020, 73),
('543ab7870146c', 1413137215, 60),
('543aabdce7d9a', 1413134228, 73),
('543aa9d8b4976', 1413133712, 73),
('543aa96177f7b', 1413133593, 73),
('543aa572070e9', 1413132586, 73),
('543aa541d2f52', 1413132537, 73),
('543aa1a939cbe', 1413131617, 73),
('543a95edee418', 1413125643, 73),
('543a665f962da', 1413113469, 73),
('543a662f61d96', 1413113421, 73),
('54396e41dce2c', 1413049951, 73),
('54396dde4d79e', 1413049852, 73),
('54396cfbe90a0', 1413055595, 73),
('54396b029b8ab', 1413055090, 73),
('542fa8ee97e4b', 1412415582, 62),
('542fa5b493f2a', 1412414756, 61),
('542af885b49e9', 1412102307, 57),
('542af7e855ab7', 1412104120, 57),
('5446cc4854aa5', 1413925990, 100),
('5446cca64552a', 1413926084, 100),
('5446ccd186841', 1413929097, 100),
('5447f2887738d', 1414004288, 100),
('54489e8c9f893', 1414048324, 73),
('5448b4831ed04', 1414053947, 73),
('5446cbb959871', 1413928817, 100),
('5446c7ae8429f', 1413927782, 100),
('5446bb9b46648', 1413924691, 100),
('54467b307f2a9', 1413908200, 73),
('5443c8281afb9', 1413731296, 73),
('5443c7d230bca', 1413731210, 73),
('5443c7198ab96', 1413731025, 73),
('54439520751e2', 1413718232, 73),
('544394957fe23', 1413718093, 73),
('54439474846fb', 1413718060, 73),
('5443751a6a109', 1413710034, 95),
('543f71b440457', 1413447020, 73),
('543ab7870146c', 1413137215, 60),
('543aabdce7d9a', 1413134228, 73),
('543aa9d8b4976', 1413133712, 73),
('543aa96177f7b', 1413133593, 73),
('543aa572070e9', 1413132586, 73),
('543aa541d2f52', 1413132537, 73),
('543aa1a939cbe', 1413131617, 73),
('543a95edee418', 1413125643, 73),
('543a665f962da', 1413113469, 73),
('543a662f61d96', 1413113421, 73),
('54396e41dce2c', 1413049951, 73),
('54396dde4d79e', 1413049852, 73),
('54396cfbe90a0', 1413055595, 73),
('54396b029b8ab', 1413055090, 73),
('542fa8ee97e4b', 1412415582, 62),
('542fa5b493f2a', 1412414756, 61),
('542af885b49e9', 1412102307, 57),
('542af7e855ab7', 1412104120, 57),
('5446cc4854aa5', 1413925990, 100),
('5446cca64552a', 1413926084, 100),
('5446ccd186841', 1413929097, 100),
('5447f2887738d', 1414004288, 100),
('54489e8c9f893', 1414048324, 73),
('5448b4831ed04', 1414053947, 73),
('5446cbb959871', 1413928817, 100),
('5446c7ae8429f', 1413927782, 100),
('5446bb9b46648', 1413924691, 100),
('54467b307f2a9', 1413908200, 73),
('5443c8281afb9', 1413731296, 73),
('5443c7d230bca', 1413731210, 73),
('5443c7198ab96', 1413731025, 73),
('54439520751e2', 1413718232, 73),
('544394957fe23', 1413718093, 73),
('54439474846fb', 1413718060, 73),
('5443751a6a109', 1413710034, 95),
('543f71b440457', 1413447020, 73),
('543ab7870146c', 1413137215, 60),
('543aabdce7d9a', 1413134228, 73),
('543aa9d8b4976', 1413133712, 73),
('543aa96177f7b', 1413133593, 73),
('543aa572070e9', 1413132586, 73),
('543aa541d2f52', 1413132537, 73),
('543aa1a939cbe', 1413131617, 73),
('543a95edee418', 1413125643, 73),
('543a665f962da', 1413113469, 73),
('543a662f61d96', 1413113421, 73),
('54396e41dce2c', 1413049951, 73),
('54396dde4d79e', 1413049852, 73),
('54396cfbe90a0', 1413055595, 73),
('54396b029b8ab', 1413055090, 73),
('542fa8ee97e4b', 1412415582, 62),
('542fa5b493f2a', 1412414756, 61),
('542af885b49e9', 1412102307, 57),
('542af7e855ab7', 1412104120, 57),
('5446cc4854aa5', 1413925990, 100),
('5446cca64552a', 1413926084, 100),
('5446ccd186841', 1413929097, 100),
('5447f2887738d', 1414004288, 100),
('54489e8c9f893', 1414048324, 73),
('5448b4831ed04', 1414053947, 73),
('5446cbb959871', 1413928817, 100),
('5446c7ae8429f', 1413927782, 100),
('5446bb9b46648', 1413924691, 100),
('54467b307f2a9', 1413908200, 73),
('5443c8281afb9', 1413731296, 73),
('5443c7d230bca', 1413731210, 73),
('5443c7198ab96', 1413731025, 73),
('54439520751e2', 1413718232, 73),
('544394957fe23', 1413718093, 73),
('54439474846fb', 1413718060, 73),
('5443751a6a109', 1413710034, 95),
('543f71b440457', 1413447020, 73),
('543ab7870146c', 1413137215, 60),
('543aabdce7d9a', 1413134228, 73),
('543aa9d8b4976', 1413133712, 73),
('543aa96177f7b', 1413133593, 73),
('543aa572070e9', 1413132586, 73),
('543aa541d2f52', 1413132537, 73),
('543aa1a939cbe', 1413131617, 73),
('543a95edee418', 1413125643, 73),
('543a665f962da', 1413113469, 73),
('543a662f61d96', 1413113421, 73),
('54396e41dce2c', 1413049951, 73),
('54396dde4d79e', 1413049852, 73),
('54396cfbe90a0', 1413055595, 73),
('54396b029b8ab', 1413055090, 73),
('542fa8ee97e4b', 1412415582, 62),
('542fa5b493f2a', 1412414756, 61),
('542af885b49e9', 1412102307, 57),
('542af7e855ab7', 1412104120, 57),
('5446cc4854aa5', 1413925990, 100),
('5446cca64552a', 1413926084, 100),
('5446ccd186841', 1413929097, 100),
('5447f2887738d', 1414004288, 100),
('54489e8c9f893', 1414048324, 73),
('5448b4831ed04', 1414053947, 73),
('5446cbb959871', 1413928817, 100),
('5446c7ae8429f', 1413927782, 100),
('5446bb9b46648', 1413924691, 100),
('54467b307f2a9', 1413908200, 73),
('5443c8281afb9', 1413731296, 73),
('5443c7d230bca', 1413731210, 73),
('5443c7198ab96', 1413731025, 73),
('54439520751e2', 1413718232, 73),
('544394957fe23', 1413718093, 73),
('54439474846fb', 1413718060, 73),
('5443751a6a109', 1413710034, 95),
('543f71b440457', 1413447020, 73),
('543ab7870146c', 1413137215, 60),
('543aabdce7d9a', 1413134228, 73),
('543aa9d8b4976', 1413133712, 73),
('543aa96177f7b', 1413133593, 73),
('543aa572070e9', 1413132586, 73),
('543aa541d2f52', 1413132537, 73),
('543aa1a939cbe', 1413131617, 73),
('543a95edee418', 1413125643, 73),
('543a665f962da', 1413113469, 73),
('543a662f61d96', 1413113421, 73),
('54396e41dce2c', 1413049951, 73),
('54396dde4d79e', 1413049852, 73),
('54396cfbe90a0', 1413055595, 73),
('54396b029b8ab', 1413055090, 73),
('542fa8ee97e4b', 1412415582, 62),
('542fa5b493f2a', 1412414756, 61),
('542af885b49e9', 1412102307, 57),
('542af7e855ab7', 1412104120, 57),
('5446cc4854aa5', 1413925990, 100),
('5446cca64552a', 1413926084, 100),
('5446ccd186841', 1413929097, 100),
('5447f2887738d', 1414004288, 100),
('54489e8c9f893', 1414048324, 73),
('5448b4831ed04', 1414053947, 73),
('5446cbb959871', 1413928817, 100),
('5446c7ae8429f', 1413927782, 100),
('5446bb9b46648', 1413924691, 100),
('54467b307f2a9', 1413908200, 73),
('5443c8281afb9', 1413731296, 73),
('5443c7d230bca', 1413731210, 73),
('5443c7198ab96', 1413731025, 73),
('54439520751e2', 1413718232, 73),
('544394957fe23', 1413718093, 73),
('54439474846fb', 1413718060, 73),
('5443751a6a109', 1413710034, 95),
('543f71b440457', 1413447020, 73),
('543ab7870146c', 1413137215, 60),
('543aabdce7d9a', 1413134228, 73),
('543aa9d8b4976', 1413133712, 73),
('543aa96177f7b', 1413133593, 73),
('543aa572070e9', 1413132586, 73),
('543aa541d2f52', 1413132537, 73),
('543aa1a939cbe', 1413131617, 73),
('543a95edee418', 1413125643, 73),
('543a665f962da', 1413113469, 73),
('543a662f61d96', 1413113421, 73),
('54396e41dce2c', 1413049951, 73),
('54396dde4d79e', 1413049852, 73),
('54396cfbe90a0', 1413055595, 73),
('54396b029b8ab', 1413055090, 73),
('542fa8ee97e4b', 1412415582, 62),
('542fa5b493f2a', 1412414756, 61),
('542af885b49e9', 1412102307, 57),
('542af7e855ab7', 1412104120, 57),
('5446cc4854aa5', 1413925990, 100),
('5446cca64552a', 1413926084, 100),
('5446ccd186841', 1413929097, 100),
('5447f2887738d', 1414004288, 100),
('54489e8c9f893', 1414048324, 73),
('5448b4831ed04', 1414053947, 73),
('5446cbb959871', 1413928817, 100),
('5446c7ae8429f', 1413927782, 100),
('5446bb9b46648', 1413924691, 100),
('54467b307f2a9', 1413908200, 73),
('5443c8281afb9', 1413731296, 73),
('5443c7d230bca', 1413731210, 73),
('5443c7198ab96', 1413731025, 73),
('54439520751e2', 1413718232, 73),
('544394957fe23', 1413718093, 73),
('54439474846fb', 1413718060, 73),
('5443751a6a109', 1413710034, 95),
('543f71b440457', 1413447020, 73),
('543ab7870146c', 1413137215, 60),
('543aabdce7d9a', 1413134228, 73),
('543aa9d8b4976', 1413133712, 73),
('543aa96177f7b', 1413133593, 73),
('543aa572070e9', 1413132586, 73),
('543aa541d2f52', 1413132537, 73),
('543aa1a939cbe', 1413131617, 73),
('543a95edee418', 1413125643, 73),
('543a665f962da', 1413113469, 73),
('543a662f61d96', 1413113421, 73),
('54396e41dce2c', 1413049951, 73),
('54396dde4d79e', 1413049852, 73),
('54396cfbe90a0', 1413055595, 73),
('54396b029b8ab', 1413055090, 73),
('542fa8ee97e4b', 1412415582, 62),
('542fa5b493f2a', 1412414756, 61),
('542af885b49e9', 1412102307, 57),
('542af7e855ab7', 1412104120, 57),
('5446cc4854aa5', 1413925990, 100),
('5446cca64552a', 1413926084, 100),
('5446ccd186841', 1413929097, 100),
('5447f2887738d', 1414004288, 100),
('54489e8c9f893', 1414048324, 73),
('5448b4831ed04', 1414053947, 73),
('5446cbb959871', 1413928817, 100),
('5446c7ae8429f', 1413927782, 100),
('5446bb9b46648', 1413924691, 100),
('54467b307f2a9', 1413908200, 73),
('5443c8281afb9', 1413731296, 73),
('5443c7d230bca', 1413731210, 73),
('5443c7198ab96', 1413731025, 73),
('54439520751e2', 1413718232, 73),
('544394957fe23', 1413718093, 73),
('54439474846fb', 1413718060, 73),
('5443751a6a109', 1413710034, 95),
('543f71b440457', 1413447020, 73),
('543ab7870146c', 1413137215, 60),
('543aabdce7d9a', 1413134228, 73),
('543aa9d8b4976', 1413133712, 73),
('543aa96177f7b', 1413133593, 73),
('543aa572070e9', 1413132586, 73),
('543aa541d2f52', 1413132537, 73),
('543aa1a939cbe', 1413131617, 73),
('543a95edee418', 1413125643, 73),
('543a665f962da', 1413113469, 73),
('543a662f61d96', 1413113421, 73),
('54396e41dce2c', 1413049951, 73),
('54396dde4d79e', 1413049852, 73),
('54396cfbe90a0', 1413055595, 73),
('54396b029b8ab', 1413055090, 73),
('542fa8ee97e4b', 1412415582, 62),
('542fa5b493f2a', 1412414756, 61),
('542af885b49e9', 1412102307, 57),
('542af7e855ab7', 1412104120, 57),
('5446cc4854aa5', 1413925990, 100),
('5446cca64552a', 1413926084, 100),
('5446ccd186841', 1413929097, 100),
('5447f2887738d', 1414004288, 100),
('54489e8c9f893', 1414048324, 73),
('5448b4831ed04', 1414053947, 73),
('5446cbb959871', 1413928817, 100),
('5446c7ae8429f', 1413927782, 100),
('5446bb9b46648', 1413924691, 100),
('54467b307f2a9', 1413908200, 73),
('5443c8281afb9', 1413731296, 73),
('5443c7d230bca', 1413731210, 73),
('5443c7198ab96', 1413731025, 73),
('54439520751e2', 1413718232, 73),
('544394957fe23', 1413718093, 73),
('54439474846fb', 1413718060, 73),
('5443751a6a109', 1413710034, 95),
('543f71b440457', 1413447020, 73),
('543ab7870146c', 1413137215, 60),
('543aabdce7d9a', 1413134228, 73),
('543aa9d8b4976', 1413133712, 73),
('543aa96177f7b', 1413133593, 73),
('543aa572070e9', 1413132586, 73),
('543aa541d2f52', 1413132537, 73),
('543aa1a939cbe', 1413131617, 73),
('543a95edee418', 1413125643, 73),
('543a665f962da', 1413113469, 73),
('543a662f61d96', 1413113421, 73),
('54396e41dce2c', 1413049951, 73),
('54396dde4d79e', 1413049852, 73),
('54396cfbe90a0', 1413055595, 73),
('54396b029b8ab', 1413055090, 73),
('542fa8ee97e4b', 1412415582, 62),
('542fa5b493f2a', 1412414756, 61),
('542af885b49e9', 1412102307, 57),
('542af7e855ab7', 1412104120, 57),
('5446cc4854aa5', 1413925990, 100),
('5446cca64552a', 1413926084, 100),
('5446ccd186841', 1413929097, 100),
('5447f2887738d', 1414004288, 100),
('54489e8c9f893', 1414048324, 73),
('5448b4831ed04', 1414053947, 73),
('5446cbb959871', 1413928817, 100),
('5446c7ae8429f', 1413927782, 100),
('5446bb9b46648', 1413924691, 100),
('54467b307f2a9', 1413908200, 73),
('5443c8281afb9', 1413731296, 73),
('5443c7d230bca', 1413731210, 73),
('5443c7198ab96', 1413731025, 73),
('54439520751e2', 1413718232, 73),
('544394957fe23', 1413718093, 73),
('54439474846fb', 1413718060, 73),
('5443751a6a109', 1413710034, 95),
('543f71b440457', 1413447020, 73),
('543ab7870146c', 1413137215, 60),
('543aabdce7d9a', 1413134228, 73),
('543aa9d8b4976', 1413133712, 73),
('543aa96177f7b', 1413133593, 73),
('543aa572070e9', 1413132586, 73),
('543aa541d2f52', 1413132537, 73),
('543aa1a939cbe', 1413131617, 73),
('543a95edee418', 1413125643, 73),
('543a665f962da', 1413113469, 73),
('543a662f61d96', 1413113421, 73),
('54396e41dce2c', 1413049951, 73),
('54396dde4d79e', 1413049852, 73),
('54396cfbe90a0', 1413055595, 73),
('54396b029b8ab', 1413055090, 73),
('542fa8ee97e4b', 1412415582, 62),
('542fa5b493f2a', 1412414756, 61),
('542af885b49e9', 1412102307, 57),
('542af7e855ab7', 1412104120, 57),
('5446cc4854aa5', 1413925990, 100),
('5446cca64552a', 1413926084, 100),
('5446ccd186841', 1413929097, 100),
('5447f2887738d', 1414004288, 100),
('54489e8c9f893', 1414048324, 73),
('5448b4831ed04', 1414053947, 73),
('5446cbb959871', 1413928817, 100),
('5446c7ae8429f', 1413927782, 100),
('5446bb9b46648', 1413924691, 100),
('54467b307f2a9', 1413908200, 73),
('5443c8281afb9', 1413731296, 73),
('5443c7d230bca', 1413731210, 73),
('5443c7198ab96', 1413731025, 73),
('54439520751e2', 1413718232, 73),
('544394957fe23', 1413718093, 73),
('54439474846fb', 1413718060, 73),
('5443751a6a109', 1413710034, 95),
('543f71b440457', 1413447020, 73),
('543ab7870146c', 1413137215, 60),
('543aabdce7d9a', 1413134228, 73),
('543aa9d8b4976', 1413133712, 73),
('543aa96177f7b', 1413133593, 73),
('543aa572070e9', 1413132586, 73),
('543aa541d2f52', 1413132537, 73),
('543aa1a939cbe', 1413131617, 73),
('543a95edee418', 1413125643, 73),
('543a665f962da', 1413113469, 73),
('543a662f61d96', 1413113421, 73),
('54396e41dce2c', 1413049951, 73),
('54396dde4d79e', 1413049852, 73),
('54396cfbe90a0', 1413055595, 73),
('54396b029b8ab', 1413055090, 73),
('542fa8ee97e4b', 1412415582, 62),
('542fa5b493f2a', 1412414756, 61),
('542af885b49e9', 1412102307, 57),
('542af7e855ab7', 1412104120, 57),
('5446cc4854aa5', 1413925990, 100),
('5446cca64552a', 1413926084, 100),
('5446ccd186841', 1413929097, 100),
('5447f2887738d', 1414004288, 100),
('54489e8c9f893', 1414048324, 73),
('5448b4831ed04', 1414053947, 73);

-- --------------------------------------------------------

--
-- Tabellstruktur `user`
--

CREATE TABLE IF NOT EXISTS `user` (
  `userID` int(11) NOT NULL AUTO_INCREMENT,
  `username` varchar(20) NOT NULL,
  `password` varchar(255) NOT NULL,
  PRIMARY KEY (`userID`)
) ENGINE=MyISAM  DEFAULT CHARSET=latin1 AUTO_INCREMENT=102 ;

--
-- Dumpning av Data i tabell `user`
--

INSERT INTO `user` (`userID`, `username`, `password`) VALUES
(75, 'testuser', '$2y$10$VNa0GFd8JE/MJlkkQSsZqOpT.IwPKKg8Ms1s8jHQZaWxYo9z5zxJ2'),
(74, 'testar', '$2y$10$sV8mSQ7gOH/0tkImSob8DeiQhzq.TjyeZe3kh8B09FXEeTuwzhs6G'),
(73, 'test', '$2y$10$kzxRDBm45pWaW16HK55Ex.YC.pRXsiPC3p7bF0Rk/4W4r02Gas3ce'),
(72, 'ssa', '$2y$10$QDNTsHXEMVgGHAWUV4p2BOK5PmHL7bFF5nHgvlhI2cfEN8Vqqyfny'),
(69, 'ads', '$2y$10$yKmfLYTeGVnZIP5RFXYtBembkJwIJWcYjmTaOa5I007WccqSHTkDO'),
(70, 'dadda', '$2y$10$kziBI3V.KPY3iKkLuuht4OjzRWV8Wfq7wLeCslv1ofK14bOOqFHhu'),
(71, 'aaaaaaaaaaaaaaaaaaaa', '$2y$10$mpxyE1XHjoQqn.K9IxNcjOvt5geCaDoShI5NOWMSWAn3HFEqv3O3S'),
(60, 'testa', '$2y$10$Li0Qz6jxQD9AR1IhgVsOGujM/25qXgM9rdsvMawqZdLIvNZu.RR4K'),
(76, 'testreg', '$2y$10$pozKE.Bf7bEwohDeRRH.LeLJgvT9/IzLCYxP1lavOTu6YPz80v/N.'),
(77, 'testadsadsa', '$2y$10$iAkbQipyuLThztm./EtoD.fgw6ZHLxlaf5lvIsJ9wryLJ/DmZSTOe'),
(78, 'pellejons', '$2y$10$xuL47KwlthcZ9jEa.jH97.EY5T5bAGUPSBpP0KvPFGV/rWSUeoTAq'),
(79, 'testfall', '$2y$10$QWkaxX/5K5ObeW6BtrWLO.VC8PCV2VgEU/B5YRn9PnRVKErMBnzyq'),
(80, 'Okey', '$2y$10$YzFcVd5ZYT/BkL2ldhTri.H3OJPiYCdA/a/0TKBIMvp2jb/6JMel.'),
(81, 'Okey1', '$2y$10$rO4zLdhoihlNconPPcQ89OEuT2JdPkDL/63B.ZlDvV47oo2raWCnO'),
(82, 'okey2', '$2y$10$v9GUGKBfZLM2ZkKekbvJ1OGKjLQP8gAIUMZ0m1ArC308QCAkya8W2'),
(83, 'okey3', '$2y$10$oqQ.0T7/gLHEHNVqCCDkwu.7A.vro8sW91kt/W8gSBDbPaL3PlopS'),
(84, 'okey4', '$2y$10$wgPLqpb7T5xSclKViFKSE.VbyTDT1SLUjjja2to.Upa4BxwDZQDQy'),
(85, 'okey5', '$2y$10$FhjWKb81HOsn3eQETL/pXen7i765sALRzVlT40jv6IXYHEe/v0Hxi'),
(86, 'okey6', '$2y$10$WLzzzXlEHhEm3Vk8CcFHwOKycwO1LJGI0MM2vneqRX5ZAXNKnivTK'),
(87, 'okey7', '$2y$10$eWl4E1Fp4m44v3KV8rjkReYN2g2W40.ONM1/YQTlEnpxNLc06GW7S'),
(88, 'okey8', '$2y$10$MOEFqyR9SufgcC7eWhTL8OYnoLxBagIp3nfVCC5RLxZdPx6GenT9S'),
(89, 'okey9', '$2y$10$s2XkiVliserYj74YWlVG4eOQZ2XFWjXhSmO0Msr1V0do.rppF.k5S'),
(90, 'okey10', '$2y$10$eLCwEIEE9xD2Zhc8edxiYuqz222ogrHIRubKFuOg48qXSJXCoBBcC'),
(91, 'okey11', '$2y$10$ZlhNO1dO2Ke6q3K42uII8eZliPGhmmVdi4H.qGOzKV5d18CUOh3WO'),
(92, 'xxr', '$2y$10$LhW6.UwVxqVPlovSjRUmjORQYkXq./k7oPo.uPr2xXvVgfRFP61pW'),
(93, 'register', '$2y$10$2K4nyOSde0O72r4KZlYideKQv0egmfWvBQYAEKgiVpCn49jRPNHaC'),
(94, 'njlksadjas', '$2y$10$r.5Lo9bFJzX8oN1rb0NLrOWNPBxBGqPXUDAZT4RCcZOm9QlhT/yJe'),
(95, 'abc', '$2y$10$fJCs70k2eO3ccO5m.I8VKOMXRJdJCZnpfqHNn1G.gLYTKZWJLJ0cy'),
(96, 'grd', '$2y$10$QR3uCnSDgXVh8O4xSOyR3.3tQmwxJC491iJlZOeyd3K7P5pJq.laG'),
(97, 'testingar', '$2y$10$1XXkrFJRJjLmsAAxC.Bh/eJ0qfduDUx3LL0pjJ/FSdEKGLlRj6RrC'),
(98, 'jjj', '$2y$10$wtnEZC04KGr3ocxjLi7fOej4ycvNow08fnPktTGG3CIwoElaJFdQG'),
(99, 'KolaKola', '$2y$10$qBldRyAgv0Wm4/isDDVTaOe1zsdynroduL1mqzKzEoWSL6lHVM.T2'),
(100, 'BosseBanan', '$2y$10$hh.x2l1CDLeusHsbUagFlOk81qF3r7ataobXRbp8tI2IiW1naDjy.'),
(101, 'BosseGhanan', '$2y$10$zJCb9gCVxnWVN7d62RXBe.PqWGCXniQ90Fd5.Vuswt2alunKs2YTW');

/*!40101 SET CHARACTER_SET_CLIENT=@OLD_CHARACTER_SET_CLIENT */;
/*!40101 SET CHARACTER_SET_RESULTS=@OLD_CHARACTER_SET_RESULTS */;
/*!40101 SET COLLATION_CONNECTION=@OLD_COLLATION_CONNECTION */;
